6e172695-c76c-4364-8dd9-44e6d2d3aed9,Heitor Rovaron,heitor.rovaron
4e8660b0-7350-4211-9b9b-9ba50792ccd9,Melony Terci,melony.terci
7e3d4092-6664-4162-9866-c4256507a35e,Tatiana Arrieiro Filgueira,tatianaarrieirofilgueira
d41d1b73-e28a-4464-a640-abfe1d913cfd,Nadja Elias,nadjaelias
657eb911-3fd1-4317-9430-f5f53199754c,Rafael Furtado,rafael.furtado
c5dcda1f-6d9c-4fe4-824b-ee9a0b138a9c,Luzanira Sardenberg,luzanira.sardenberg
6dec2c10-1522-4cc7-8e45-89d78a6274c2,Donizete Kohler,donizete.kohler
61423001-c484-4fbf-9ee7-9475fb93cf3c,Alinice Araujp,alinicearaujp
c720558d-652d-48d3-b952-40b16124b989,Alax Kaiser Raquel,alax.kaiser.raquel
bea7457f-3d0a-48f8-9ee9-c3ff79bf756b,Candisse Mattis,candisse.mattis
fd7ec052-7e2a-4425-a109-a4a37f105512,Ivanice Callado,ivanicecallado
18c369fe-2b6c-4638-9693-425b13b22948,Vixpark Valariano Federici,vixpark.valariano.federici
850778f4-0bc9-45d0-a732-d023a8f25196, Falfan Brant,falfanbrant
e7e46a01-9618-4f48-978c-9a712949389d,Gustav Angione,gustav.angione
64b7f8c1-6264-4edf-b47a-90f8692056e0,Emannuelly Reginaldo Fofonka,emannuelly.reginaldo.fofonka
cfe9ca52-4b8b-4a15-86f1-4b0adb0f9227,Flaviane Salgado Dudar,flaviane.salgado.dudar
93a30bf5-7c91-45a2-8624-80c79b35b422,Francisca Brunelli Mafetone,francisca.brunelli.mafetone
d2173551-7d7b-47d5-8425-133cdcb69724,Leonaia Farias,leonaiafarias
81bb7a02-c574-4114-85f9-368514aaba29,Rejane fernandes Marinonio,rejane.fernandes.marinonio
f687f04d-5f24-4327-bd74-b07c5660f364,Marcia Louredo,marcialouredo
48da4ef1-9cdf-4a18-aa93-92cdef0d6482,Joeliton RODRIGUES,joelitonrodrigues
a8461f62-d18f-4190-bf97-1684a13b5531,Everaldo Birkman L,everaldo.birkman.l
02b6ce38-b23d-446a-b78b-823f360a4f35,Sarah Auxiliadora,sarah.auxiliadora
708943ab-7987-4632-ae23-1248922b87d6,Jusandra Pessini,jusandrapessini
15d3f155-6a02-4849-9af7-d2cc4148f5a2,Alysson Missagia Mazoco,alyssonmissagiamazoco
b3259f66-1309-42b0-b27e-abb916da67c0,Valdinei Juvencio,valdinei.juvencio
fd3d9ebc-ed89-4a5c-ad0d-c34ecbcae2ac,Joicy Quidicomo,joicyquidicomo
7bd3cf31-e9c5-4b28-b4d2-161b633a99b4,laize Nobrega,laizenobrega
efa7c6a5-7ed7-438a-875b-1fc4184b6bf0,JOSE Cynara Katyuce,jose.cynara.katyuce
fe822c21-d963-4886-ab29-612738cbc47e,Edmarine Castegnara Dattein,edmarine.castegnara.dattein
902a5975-a4a4-4ba8-9a0e-ba3b2812a57d,Franciellen Collopy Marcelina,franciellencollopymarcelina
e04042a2-6ee5-432e-85be-142197dc59c7,Domitila Xx Vavassori,domitila.xx.vavassori
104cf1c0-70d8-4a4e-ac01-29440b10d5ef,Alessandra Ely Isaac,alessandra.ely.isaac
4a873af2-fe3c-4b81-abc3-91ec7299f6b2,Nicolle Ricardo,nicollericardo
529655d9-38c4-4f0c-88d7-62eb8a7adf76,Jacob Swartele,jacobswartele
709b6d12-a526-42d9-9980-25ff71d7c0d9,Morris Franco,morris.franco
5261adc3-8249-4ce0-9ce0-230e65164a8d,Eloisa Lund,eloisa.lund
36fbfe3b-91ba-4bc9-8918-ed94a10aee3f,Cleiziene Bertagnoni,cleiziene.bertagnoni
0cad4728-8f1e-48d4-8e3e-63594ca33b17,Joil Valle,joil.valle
f4fb9402-a929-4d97-b2ed-d424e81bbf51,Kamila Riper,kamilariper
7a917d5a-cb31-4bd5-b6a5-10c90de4b6f2,Vitor Steinmann,vitor.steinmann
b1d011ac-47c7-453c-9558-22027a759f91,Valdirlene William,valdirlenewilliam
cd322a11-d1ac-431a-99a8-25f126a2d389,Aleandra Cassia Abdon,aleandra.cassia.abdon
30abd294-6b09-428b-b761-dc28f6961f43,Sandro Valerii Restum,sandro.valerii.restum
37c5d202-641c-49a6-848b-4fc64bf790ef,Alan Gasco Balbo,alangascobalbo
14f015ba-4cdf-439e-8948-518c5cb5ddce,Jany Carpinteiro,jany.carpinteiro
5e0ccb3e-7f28-47d0-9cf7-9426f364805e,Wesley Souzs,wesley.souzs
6f0bf406-6eb6-4c5c-ab8c-50a2398da5e4,Frank Sabrina Pauperio,frank.sabrina.pauperio
0bc1a237-0995-4bae-9961-ad7c992d1bba,Benedito Calheiros Dionei,benedito.calheiros.dionei
be581d60-9825-441a-92fb-bb2eda2229e3,Vixpark Lessa,vixpark.lessa
6df83561-1386-45e8-b0b5-9e4bfc15d1d7,Stefani Prara Brunhara,stefani.prara.brunhara
56f5e56d-b443-4538-9b47-484a1d7643aa,Elizandra Luziane Sossella,elizandra.luziane.sossella
a64be1f1-f87a-4228-a19a-babb9c394d97,Marilda Regiani,marildaregiani
2858715a-cf1e-473f-94cb-e9a4ac682bb0,Rosemary Goyanna,rosemary.goyanna
bdfc56a9-5ac2-4070-a291-e3f10a785d8d,Keliani Ketten Makuch,kelianikettenmakuch
363a6422-dcc4-4896-ad75-03af2cf8b9da,Zeiny Brandes,zeiny.brandes
d27c46cb-8e5e-4401-8aac-1947c675b297,Greziele Amanti Preira,greziele.amanti.preira
1786166c-3a2f-45bb-8639-d5738d11ff06,Waldeia Melone,waldeia.melone
1398be63-9b24-4d45-8809-bc3ab8b5a75f,Vivyane Cypriano,vivyanecypriano
e17cae43-8f14-4403-8432-d85cc8939727,Elizabete Pompeu,elizabete.pompeu
ab0a5e06-202a-43b2-8705-31022e31c04b,Jose Pivetta P,jose.pivetta.p
32caa8a3-6085-48d5-9eb5-39953de07b82,Christine Eustaquio,christine.eustaquio
092b7c45-cafd-4242-96e1-373c453961d8,Daliana Weigert,daliana.weigert
00afd0b4-63fe-4644-ba88-acdc16502630,Leudileia Valerii,leudileia.valerii
09f51559-17fe-4228-9a45-2c0e2eb6cbbc,Cariza H,cariza.h
18a53b29-997a-470b-8562-10620474b5ab,Kendy FLAVIO Roizen,kendyflavioroizen
8355725e-3953-441f-921f-960ad9e8e93d,Ariana Wilhelm Carvalhp,arianawilhelmcarvalhp
259dfd7e-77b0-4f63-b288-9cad31ba3112,Yane Goncalo,yane.goncalo
df098d5e-23cf-4374-b31c-5034fe7dc1ed,Jhonattan Jacinto,jhonattan.jacinto
595b663a-b091-40f8-8a76-b3ca57534bcd,Quelen Acelino von,quelen.acelino.von
bc541175-304f-49d6-a98f-07b387ee5dbb,Elry Maiolini Rejiane,elry.maiolini.rejiane
3d6f947d-b311-4e61-bf9f-1172dff257dc,Thereza Lessi Bressani,thereza.lessi.bressani
54fb2ece-8c81-4cbc-b8b3-b5cae6b24d33,Lucianeda amatuzzi,lucianeda.amatuzzi
187aa3dc-dc54-4b48-891f-5c199a04c531,Luanda Verner,luanda.verner
275a87a2-6185-4ad7-82d8-0f12864fec43,Nailton Airton,nailton.airton
81241945-b0bd-4b6a-ace5-67336015aef7,Suzelen Martimiano,suzelen.martimiano
bce450dd-1e19-4a00-a95c-2814ece1de59,Luca Emanuele,lucaemanuele
b62b6525-f480-4d38-b100-64b0cfb843f6,Jaime Rodrigues,jaimerodrigues
c3bec5ba-bb5a-4f8c-bc31-8cb41359e174,Ademir Girelli,ademir.girelli
c91ee16c-7497-4634-aa17-65106681d396,Tauane Lucaa,tauane.lucaa
7ad381e7-c54d-47a5-8e83-d010cc979a27,Augustho Leopici barreto,augustho.leopici.barreto
51269a99-684a-4976-b518-da346219f28c,Samir Cynthia Paim,samir.cynthia.paim
83477481-6b3d-4433-a75f-17bc631f3812,Ivanires Drudi,ivaniresdrudi
89414639-ec14-415f-ae7b-9850e04d81c2,Amauri Lother,amauri.lother
aedb0fec-3ce2-4017-92f4-5b8a0a244805,Cefas Silva,cefas.silva
792db824-2d78-4091-a0bf-03863f0eb8d6,Yara Zago,yara.zago
927197cc-28f5-4807-a649-f9cd9d172760,Enaide Williany,enaidewilliany
e24ba427-5302-456a-aefd-7cc907ff8604,MARIO Toscano,mario.toscano
d59cc9d9-3a45-4c5a-944e-25cd681edcda,Suellen Scaletti Reginaldo,suellenscalettireginaldo
f5b79043-83cd-4ba1-9427-848fa61c7146,Roger Sabotto,roger.sabotto
245cf7fe-9744-477c-a58a-90038ce5d531,Adriene PAULO,adriene.paulo
1f63e134-50a1-4c7c-86f7-3c892894e42a,Gabrielle Ribeiri Pianna,gabrielle.ribeiri.pianna
223fe7f8-fa44-4360-8c91-837e04346ba0,Juciara Cestari,juciara.cestari
dfe8a80e-19b6-4530-a635-b69b2066e193,Naiani Em,naiani.em
f39dd988-31fe-4c54-9fd4-497cc7d076d9,Jerry Erlaches,jerryerlaches
aa842796-9b06-4fce-8256-e16af7aa3311,Karyna Agostinho,karyna.agostinho
68e9215b-9d8d-4b2d-b0dd-f4a6d8fe15dc,Maiky Iara Buarque,maiky.iara.buarque
27bf3036-ccac-4d49-9eb8-26b16adadc34,Lucide O,lucide.o
56987a61-88ef-4ba7-a97c-f29c8e7f69ef,Caique Brigatto,caique.brigatto
7443be6a-16fc-4c36-ba63-be34290e6f0a,Jannayna Lozer Deleon,jannayna.lozer.deleon
543144ac-ae86-48c5-ab65-6591a45db040,Francielly Paranhos,francielly.paranhos
470dfa6a-a2a9-4d73-841b-1e96b4d524eb,Endrezy Scalfoni,endrezyscalfoni
58923126-03fa-4772-bac9-87f5d317e598,Licia Roriz,liciaroriz
d508278a-12be-42aa-b3ac-80c30720120d,Alice Loureiro,aliceloureiro
1785c1b5-e9f5-4a65-8742-066f55e1d8e1,Wilton Negrelli,wiltonnegrelli
780c732f-f36f-480b-9548-7a28ccdc2657,Evelly Varella Vianna,evelly.varella.vianna
b50051b3-4f60-4ba3-b649-63a6b99c104e,Cinara Bomtempo Maira,cinara.bomtempo.maira
e5cc712f-a688-4389-974b-757aa7438af5,Tamiris Ivan,tamiris.ivan
927ed97a-64d2-4d38-b065-81d244685915,Eryka Marilac,eryka.marilac
ae152332-1b3a-4efc-968a-32539b7ae98e,Wekesley Vanete Schiavon,wekesleyvaneteschiavon
3d8f916b-7e8d-4e0c-b421-8ed8b1119283,Ludiely Zaineli Morale,ludiely.zaineli.morale
aef241cf-0678-4106-ad3f-00f956cac1c0,Talicia Loblein,talicialoblein
e3d2ba76-8241-4d60-8f2e-6e30381886b5,Isabele vil,isabele.vil
07261474-de87-45f4-9a5e-6849e672aaea,Jacy Evelyn,jacy.evelyn
6e25ab33-1500-42b7-88e4-15b02853b67f,Caliane Redig,calianeredig
d2b5b90f-c857-4c85-afbd-e5544b886c51,Gilmar Feola,gilmar.feola
01326111-4c38-479c-a057-ab92c955fd76,Wellyngton Ressurreicao,wellyngton.ressurreicao
f81d2d5c-8521-4c56-a452-7092cabf1e44,Lucian Sessa Honorato,lucian.sessa.honorato
6b4a13cc-772f-4310-966a-62eb7aad2bfd,Agda Augusta,agda.augusta
15c19831-5cd8-440f-afd4-0a9c69418381,Vivianne Angeli,vivianne.angeli
d3ec6a11-da13-418e-aecc-12115400f185,Roney Saura Porti,roneysauraporti
5660e96a-a0d8-45d6-b430-ba9ec2e3a379,Mieko Anjos,miekoanjos
f8ca50a2-e292-437e-9f73-1fec1f793de8,Wilque Biondi,wilquebiondi
2888476d-3b2c-4e58-8fec-e1a7ace84f64,Alcides Luziane,alcides.luziane
1a5d6f6c-b708-4636-a1e4-7d4b9874fdb3,Rogerio Negrelli,rogerio.negrelli
6ae6f8a2-2bd8-4996-a751-08b43eafd45a,Jeyce - Italiani,jeyce.-.italiani
aaf2adab-076a-44f8-8e42-f320db656eaa,Rosilane Bernabe,rosilane.bernabe
539b17e7-af6a-4d5d-ae93-1dd348087dea,Liliane Chanca,liliane.chanca
eee7560a-c191-4391-937a-1d6e2ec8d1a5,Karyna Cinti Seabra,karyna.cinti.seabra
751f6d29-e0c9-42ca-8bf6-f2f7c99a57f0,Melony Smiderle,melony.smiderle
1b5a1252-982d-40ed-a395-5f12d31b38a4,Taline San,taline.san
f061519b-738e-4d53-9f83-ca4a294d0ee2,Dhandara Ocampos,dhandara.ocampos
19ddc39f-6c34-4c7f-9643-8e4c49f9fd09,Nathaly Belo,nathaly.belo
6b6bc09f-93ba-4586-a27a-27e1dbcda09e,Erfeson Amancio,erfeson.amancio
51e20d00-91a3-4b0c-8a9d-75ec4f17c5ad,Tathieli Keli,tathieli.keli
23133deb-a976-493e-948f-047fffc5e272,Eduanny Maccari Rejane,eduannymaccarirejane
4cb0fd35-8be1-4d60-b3fc-695094d8753f,Christopher Aguerre,christopheraguerre
6ec940e1-3fc0-42a4-b0ac-2ba3354bef33,Aloisio Schor,aloisio.schor
fe6ad71b-953f-41d4-abdb-63fd34415766,Williams Oliveira.,williams.oliveira.
3f6bb705-04b5-4af3-b7de-ee992a396336,Joanna Karolyne,joanna.karolyne
68c509fc-320f-4e3c-90f6-fdc3c17dabbc,Sidiane Francisco,sidiane.francisco
aa449838-f34c-41aa-8052-ac7fbdcdfca8,Gil Maroquio Aquino,gil.maroquio.aquino
e4b2da69-bf75-45dd-b4f8-2c9474d5d21c,Jocemar LOT Deivison,jocemar.lot.deivison
b9ed14f4-4f8c-412d-82bc-e15abfe682e5,Macielly Dos,maciellydos
0b0f3216-6f9b-48f9-8b25-4244904e4d86,Nicolas Silba,nicolassilba
03bd3160-4867-41c1-8330-9c8ac6b51f95,Misslane Bar Norberto,misslanebarnorberto
5373f1f6-df67-47ab-b640-fdefb577511d,Rogeria Geuson,rogeria.geuson
8b2ff28c-5a80-4afe-9054-f25cdb06eeb9,Rachel Yuri,rachel.yuri
1e262550-7255-46b3-a70b-dc7382897998,Ane Linzmayer,ane.linzmayer
d34b89f1-ab8e-494d-9089-98455fa1aa27,Selma Luziane,selma.luziane
035bb92b-6ec0-4d3e-9a2e-0417ac3f1b4b,Baccarin Bensemana,baccarin.bensemana
6f8c9da3-8d3a-4f5c-9f28-c8d978b688c9,Jessyka Amm Martins,jessyka.amm.martins
5a1b5219-85e8-42bb-a9eb-98fda7111a60,Mikely Duque,mikely.duque
64b97d1f-c1f4-470f-be51-45e6143efb39,Ocileuza Elias,ocileuza.elias
bbd80b01-23c4-4d00-930a-9b99d0c11c1b,Diego Saul Silvestre,diegosaulsilvestre
ba5795aa-a2ca-4fde-a060-1732eec67e51,Jalene Onesimo,jaleneonesimo
289bf954-a3c4-4ec3-a1d0-95f0de8ee075,Lourival ludtke,lourival.ludtke
322dd041-f733-4c7f-a6d2-cb7ea27d5cc2,Gustav Justino,gustav.justino
87d7ae03-4516-46cf-b5b7-9e0a6c193359,Giciel Sergio,giciel.sergio
e854fe9c-6429-49f4-bfa5-b0377260f74f,Kelem Flavio,kelem.flavio
4b65232e-d9db-4fa2-9478-ab69650e4c5d,Elinelson Reis,elinelson.reis
c1b260a3-2d62-4f19-b181-5e6635d5f3d9,Ronny Nascjmento Fellipe,ronny.nascjmento.fellipe
5fda5076-aeff-4d7e-a95f-59b47181d8a4,Lucianeda Bourguignon Santod,lucianeda.bourguignon.santod
3f23b1ac-8fd9-4d9a-b0dd-5d29c08cf723,Mayra Troia,mayra.troia
3b1dce11-2167-4d33-84f6-bea5c8e077eb,Adson Salles,adson.salles
5cb6f546-a678-4823-a0a8-06b9daac1575,Claudiceia Vitorino Ferrari,claudiceiavitorinoferrari
8e81105e-e9b6-4e86-a124-258f7e065e50,Wallace Henke Carla,wallacehenkecarla
5b437560-7f47-4ff7-8a26-ff35fde60926,Itamar Aries Jhon,itamar.aries.jhon
6c0e5ff4-a2c2-450e-82d4-87b83bf74427,Kariane Aciole Lenser,karianeaciolelenser
d16840a6-d951-435e-8417-ea80532670d1,Tathiana Ivete,tathiana.ivete
0c3483ed-cc67-40c6-8aaf-2237f61d6c41,Glauziete Utrilha,glauziete.utrilha
43beed5f-472e-4a8d-bb1b-566b9a14b33f,Candisse Sergio,candisse.sergio
c8390a95-0179-445f-90fc-67666c3689e5,Welyngton Ceriaco,welyngtonceriaco
01e73fd9-6e3d-4ac8-84af-767d6cd0ed01,Kelvin Argollo,kelvin.argollo
257dda1f-53c0-41bd-9e35-150b919b348e,Jussimar Amaral,jussimaramaral
17bf2b63-0fb8-45c8-929d-a9ae0d8c470e,Suzy Antonia,suzyantonia
fc5acd2b-38b6-4c1a-9696-a2d983cecc4d,Tatila Belmiro,tatila.belmiro
5253765a-b5a6-4f6f-8b9d-8104879d561b,Leonilton Aviz,leonilton.aviz
81e91678-e30f-4105-80c6-19937e71254c,Cleon Huang,cleonhuang
2b6bdaac-95cd-4a47-942b-c2accf596688,Leonice Darioli Junior,leonicedariolijunior
36974c2c-288f-4cd1-862b-b461d72e4a0a,Xavier Estefani,xavier.estefani
380f6d9c-f18f-493c-a6d6-16bb02df4e7a,Amauri Mam,amauri.mam
9822aab1-18ff-4416-badd-9ab138ababf1,Panela Abraham,panelaabraham
30bc6b19-1087-491f-b06f-477f5e1f7193,Josilvana Morelato,josilvana.morelato
065d8403-8a8f-484d-b602-9138ff7dedcf,Wadson Marcia,wadson.marcia
d53bb5e8-895d-48c7-8243-6c0ffee818fa,Tales Graceli Chyla,tales.graceli.chyla
a6fceda6-a670-4824-9cd9-96325d3b7ac6,Olya Palmeira,olyapalmeira
435b6fce-1d36-470a-99df-d6156da5b957,Nazilde Honda,nazilde.honda
d6eb8035-52c9-4595-9e0e-2d14b3b719ad,Elva Hamburgueria Urbietis,elva.hamburgueria.urbietis
1fae8181-ae6e-438d-aa7c-4bbc33ddcfc5,Lourival Reynisson,lourival.reynisson
1a8e36f0-b5ce-4185-a7a2-8136ef5188c8,Lo-ruama Balbo Claudio,lo-ruama.balbo.claudio
c7cf7dd8-d607-4bda-b247-d588464e2c9e,Germano Vudarski Beatriz,germano.vudarski.beatriz
c341f791-c845-4b30-a29a-abcfc32d0917,Morris Apareida,morris.apareida
574de600-5b21-42cb-bdec-01ed346041cc,Silmara Schwab,silmaraschwab
844ae7e6-315a-4eeb-b3cf-239382cd36c6,Priscilla Arrais,priscilla.arrais
82346763-6b25-4234-8b70-28bac457f301,Weslley Aguas,weslleyaguas
19d328bf-001b-4cf9-a3a3-3b5852bdb1c0,Alcimara Cantes,alcimaracantes
265e8136-84f9-44f7-88e4-dfa0ee14f0b2,Cesomar Biazotto Deus,cesomar.biazotto.deus
a7ac8ac3-7964-4f89-b6f8-12ec919d6893,Giovana Krugner,giovana.krugner
071fd041-5659-416f-b1ef-e912ec3111f4,Cleverton Moscon Justino,clevertonmosconjustino
990fcb91-6c9d-4e8f-a750-f834004a8754,Carine Cabeza,carine.cabeza
ec21d21e-a329-40b9-8674-ef03dc115a32,Franceize Alvrs Vilarino,franceize.alvrs.vilarino
ae3bd51f-42ae-4b1f-bd74-0c1e661beddb,Alana Rizzi Tessarolo,alana.rizzi.tessarolo
2df0d1d2-fd2e-40d9-8ed2-b09422c069dd,Daniele. Gledson,daniele..gledson
1697da30-8cda-4db6-b449-ad0315cb403c,Poliane Boas,poliane.boas
ce7d89ef-a8b0-4e5a-b196-33bfa5d6885a,Saulo Gioia,saulo.gioia
f1f43c8e-c116-4d96-bda3-d1e7bbd8ae1d,Angela Rebello,angela.rebello
fe7e9296-57aa-4a0f-a1e2-ca51b9f684c6,Gabrielle Gimes Dionei,gabrielle.gimes.dionei
e3daafd6-8b14-4174-9afd-658c3b63bff2,Jandir Navarro Mipar,jandirnavarromipar
cd390334-8909-41e3-a4c6-ea9f8cefa6a9,Keslley Carmem Pompilio,keslleycarmempompilio
b9164e21-dab4-4592-96d6-6039b5370273,Sthefany Osmar Tsuyoshi,sthefany.osmar.tsuyoshi
d8056f23-e2ac-40b0-a109-bdf5b74c9d37,Joatan Turbay,joatan.turbay
945dddba-cc24-4cf0-8794-50b47249bff2,Celma Saleme Lincoln,celma.saleme.lincoln
dc1d1758-c835-4f87-bac7-7f7051630b48,Valeria Miranda Barza,valeria.miranda.barza
4b5d7418-c892-4eaf-8fc0-187a769dc415,Willian Barcelo,willian.barcelo
bff49ae4-48f0-4f1d-96d2-cdb0496ec967,Danieli Bertoli,danielibertoli
8e3fd31e-2eb3-46bd-a313-8fc428210aa6,Eleonoura RAMOS,eleonoura.ramos
1b29a9a3-f061-484e-ae88-04f9b66b186d,Brunela Porta Zumero,brunela.porta.zumero
64754f3e-40d3-4eae-8936-54ee3b6c09ba,Elyne Katiuscia,elyne.katiuscia
437d5fb3-6922-4112-a4f3-d4105257afe0,Eulalia Honorio neves,eulaliahonorioneves
b9630fba-01e1-4d6a-ad7b-25d9cec221a0,Bianca Gotti,bianca.gotti
cba52fcc-5027-4211-bec2-7c294b15079c,Alba nascimento,albanascimento
8ca5770b-f722-406f-8f2e-f4b0faa3f34b,Eudes Aurino,eudes.aurino
c932556c-2b3d-4c57-a22a-be04e6a60484,Jucelene Sabotto,jucelene.sabotto
225c16a0-a056-4f8d-9db1-33801bca0d92,hugo Stefani,hugo.stefani
63468e81-3cfe-4741-9f41-eef57762d187,Isolina Mistura,isolina.mistura
65b08be1-c84b-41cc-bdd9-fcd85b90161c,Ramon Anita Fruhling,ramonanitafruhling
d7111802-f20f-4970-baa6-03deeffa3681,Ilana Holsapfel,ilana.holsapfel
50ecdf64-e4e2-4541-92e0-85e32b24a22c,Rosenildo Messias,rosenildo.messias
608c2602-bf3a-4c17-93bc-d6dc0e714abb,Jaqueline Vilella Caris,jaqueline.vilella.caris
c274055a-9141-41d1-a410-a706639e2729,Jardel Fariaa,jardelfariaa
ef70c3ab-344e-49fa-8f68-38d60f4e7887,Evelize Waldeci,evelize.waldeci
5294b088-3f16-4d6d-a6e1-84faaa88a1a6,Max Zago,max.zago
91330715-a9c3-424f-a7ec-f9498856c668,Walgmar Americo,walgmar.americo
a08d7fce-1c92-481e-a052-30be82d07df7,Elizangea Sobral,elizangea.sobral
830d4e2a-26e4-4e1e-bee7-2460cb5d3b54,Cleverton Salutto,cleverton.salutto
124b5d4b-8022-4397-ae20-3c383cf3301b,Marilda Ottaviani,marildaottaviani
1a1a0ecd-2363-4b81-82d1-2b5091e6d6a4,Solaniely Nascimento Carmo,solanielynascimentocarmo
dea3798d-3b17-41e3-8e99-e0fa824852d2,Jackeline Buchner Moncorvo,jackelinebuchnermoncorvo
531966ef-1dd1-45ad-afa5-c9aeb481136b,jediler Calixro,jediler.calixro
59355096-7b48-4e30-8fc8-f66196a6cdba,Creidane Geyciany,creidanegeyciany
8c9cce95-defd-4c97-80e0-90ab661737c7,Eduanny Amton,eduannyamton
f79e3445-4a8e-452c-8ae2-8c1cb866ba0f,Benildo Hungria Alfredo,benildo.hungria.alfredo
7d73cc45-d405-46b0-8171-736353792286,Suzana Dantas Barrozo,suzana.dantas.barrozo
1acbf927-44da-4d25-8dc6-3dd77b704dd4,caroline Mazaro,caroline.mazaro
fa4b26bf-3162-494c-886a-766c9b0dd480,Aguinaldo Azeredo,aguinaldoazeredo
2e54c109-3945-4b90-9891-60d4ba2c76aa,Rebecca Aurich,rebeccaaurich
6bbe41f5-3d89-47bd-b4df-508245748c55,Hilda Bodart,hildabodart
ed703abd-c62c-4f08-b5c0-15562663b866,Alexsander Norberto,alexsandernorberto
0fa801bb-6960-4a1d-8fd9-fd42abc288d2,Jaques Kuster,jaques.kuster
e013c190-a2b8-4f45-b474-bca97c91e16f,juliana Girolamo,juliana.girolamo
86072319-7dde-4c0b-bd41-fbb9e4f6a2bc,Otaviano Andrades,otaviano.andrades
30f99304-8787-408c-82f4-7ba5caa85eba,Adayl Americo Antonucci,adayl.americo.antonucci
0cf560c9-bf0d-47b3-ade2-393ec4706fd7,Amdre Milena,amdremilena
d149ea83-e795-424c-ad28-c3db9ab55bd9,Amdre La,amdre.la
5ccbf370-bc7e-4dae-bbf0-00422156045a,Candisse VENTURI Celio,candisse.venturi.celio
73b0b1cc-9acd-44ea-a586-89e3a53bf042,Jardel Louzeiro,jardel.louzeiro
9914fea1-cbe0-4719-95a0-8d24c86a9a80,Cleison Herrera,cleison.herrera
561389dc-7bd0-4a77-a0c2-edf17795f644,jediler Bissoni,jediler.bissoni
c6790401-b81c-424d-b220-2dcea0d07c67,Nielen Gomes Graceli,nielen.gomes.graceli
c9c6174a-0179-4707-bca7-416b792a45e7,Rosa O,rosa.o
057178ff-529f-4d3e-9c12-f4b0bdf55ca2,Michelly Mazarim Ricciardi,michelly.mazarim.ricciardi
b51f2a6e-7775-45fe-845e-df441b40ff99,Islaine Sangi Clementina,islaine.sangi.clementina
3c404b15-e8d7-4243-b406-0c24f81255ab,Jucelia Nigro Haicki,jucelia.nigro.haicki
2a88bf0c-c361-482e-bbad-a7e0d918057b,Marine Prazeres,marine.prazeres
ed363641-dc9d-4b7e-9076-99aeed589b6a,Julio Demuner,julio.demuner
9d60d39b-bae0-47f9-864e-ddbed9ecac61,Angelita Andrea,angelita.andrea
95d1b321-6a33-4b21-a592-d352fbbf69dd,Narjara Grativol,narjara.grativol
e17ed4de-c7c2-497f-a3ad-781e8c3e5f63,Vivianne Chamma,vivianne.chamma
180106ee-c325-4085-b73d-dbc45cb33f6f,Marlen Filipe Araujp,marlen.filipe.araujp
9d1874e0-3084-42b0-847d-16bb331b2f89,Andressa Pinto Zucoloto,andressa.pinto.zucoloto
50a459e6-4d18-4cfa-8f67-533bc801b66c,Edes Arrudas,edesarrudas
b6f0a86f-2c03-4758-9b58-8a40dba761d4,Adonira Aparecido,adonira.aparecido
8db515e7-256e-4f56-a20b-c80518011375,Elen Luppi,elen.luppi
0db3117e-902e-41ea-a688-7ccc1b8b031e,Edilde Ximenes,edilde.ximenes
8694f736-0e50-4f4f-9d9e-a9b0e90dbf2e,Robson Ruas,robson.ruas
82b95fba-0410-4419-8c1e-f03e18f813ae,Isolina Salgado Sidra,isolinasalgadosidra
f8d0fdc9-fd47-4eae-85eb-66c783fbcbdf,Jamille Viel,jamille.viel
d5be2a47-d6ab-4c8f-8d8a-18654568b5a4,Franciane Prudente,franciane.prudente
25deb80c-0ae7-4fb3-8ea6-8ddebeb5180e,Sidney Zunino Pulcheri,sidney.zunino.pulcheri
ae386055-800a-4619-96d9-f5757ec44fb0,Grasiela Pizza Elias,grasiela.pizza.elias
f1647d68-a418-4498-af5d-9ae70fbce478,Francineide Tavares,francineide.tavares
dc912f0a-65ef-47b8-a498-9cc7445aa05e,Virginia Tonon,virginia.tonon
fe24b592-cf74-4a28-ba9f-238d9a2760f6,Wydillanio Leonr,wydillanio.leonr
46bc5cb2-2d78-495f-8f48-2a55f11c7aa7,Madson Cabeza,madson.cabeza
4e3d55ae-92ea-44bd-bb3e-ece2d2d7553b,Deneilson Canella,deneilson.canella
db72778b-4f72-414a-aaf6-f74a04fbf45e,Mauricio Adailanna Azevefo,mauricio.adailanna.azevefo
5db4c35e-7e5f-41f3-abd5-6366f8863915,Dainei Mathias,dainei.mathias
87b9f166-4c81-4adf-bc51-c73fb4faf0ec,Udson Dilva,udson.dilva
69554dd5-37bf-4d45-810d-2efebb5b1ee9,Thatiane B.,thatianeb.
fabe0318-1c33-4b7e-8509-fd6c96e3d49b,Rennan Olvira,rennan.olvira
bbc4d2d5-da94-46c3-b144-36c4e7953d24,Stefan Anizio,stefan.anizio
7ba1de29-8f8e-49d8-9b96-a39ed0b775d1,Jossana Cinti,jossana.cinti
97da0cec-b0a0-4b0a-b1be-1be88d1e9103,Jurandir Evangelists,jurandir.evangelists
f5e793a1-c6f9-4b7d-a043-c3d4f2e3d8bc,Taiane Andreina,taianeandreina
0a26e879-94e1-404b-9c76-625f50efafde,Andrigo Baleotti,andrigobaleotti
3d13a5cb-b144-43d8-996e-90efb36c3a29,Welton Gualter,welton.gualter
1a7667a1-cb3f-4297-b99f-804bd731986c,Clayton Picoli,clayton.picoli
a94000eb-0c50-44ff-9097-e6e6256203a9,Julianna Stephanie,julianna.stephanie
5ba6732f-5489-4d20-9fad-fc186e8e8ef2,Deiseane Janson,deiseane.janson
14e4f433-7a43-484a-b479-e96a56ba4f6b,Regimara ARAUJO,regimara.araujo
ab24075f-bbfe-496b-9cc9-a8cab106cd79,Ruberley Nogueira,ruberleynogueira
0fab62ae-5ff8-4e3e-b1a4-5f79d07017c6,Cristiano Cruz,cristiano.cruz
09906ad6-7066-4b15-a551-715ba9aaa2cd,Tadeu Raimundo,tadeu.raimundo
c9d3ade0-e55f-4780-85f1-8a302449fa59,Graziela Larri,grazielalarri
b8575924-0348-4918-9b7a-3f1964408f99,Juraildes Mello Novaes,juraildes.mello.novaes
ba739381-8015-4b07-af7a-5816ef26f608,Liege Bassoli Mended,liege.bassoli.mended
278db749-3b74-4553-aae8-ffae16f22a54,Izamara Zambeli,izamara.zambeli
f2b6212f-3818-40ba-b724-404f2251397b,Nicolas Gemaque,nicolas.gemaque
093b21c0-2410-4a00-af1c-f50ea2cf4b95,Hitala Bechtlufft,hitala.bechtlufft
792cea7f-846a-411f-b62e-15eaf5ad32f2,Josseli Manoel,josseli.manoel
03886c86-2e8b-4da2-a9d3-c74dc008db48,Maiky Feitoza,maiky.feitoza
ac49855c-7537-46fe-81ae-af42789d56da,Maickel Costa,maickel.costa
81a9c775-e9f9-4ee9-a124-afbf38ab95e3,Alcides Maidana,alcidesmaidana
bcf3c217-04e6-4a0b-a80d-3192dc776e6e,Zoraide Romero,zoraide.romero
ebf52b0d-a981-4b55-95df-47f9e6dbc826,Suzanny Rezuth,suzanny.rezuth
377c9824-bf56-4da5-8314-05dda7f32254,Louise Vilella,louise.vilella
ebf2dbdb-ded2-4d53-9885-f4feed2f8322,Jackeline Schuina,jackeline.schuina
f9d8ec6a-4f5d-4b81-ab2c-a8cc08658c7d,Nicholas Spncer Holz,nicholas.spncer.holz
e1c8990b-e842-4758-822a-52a1fb2e3052,Grecileide Elem santana,grecileide.elem.santana
ac50bdf2-171f-4f3d-ae2e-fe598dfaaae3,Joyce Gualter,joyce.gualter
e4026bb8-5918-4b0f-b0f3-d2ada843989c,Jefferson Naide,jefferson.naide
080492f6-8f02-4510-a7e5-3da36ada4085,Maciel Serra,maciel.serra
dbc94b47-295a-48a2-85df-0cf41c545046,Andrezza Charles,andrezza.charles
990ddf06-babe-4e61-9965-1c128ac7e27a,Newton Norberto,newtonnorberto
23644ab5-ae05-4152-87c9-94a8c3f43716,Valdineide Acessorios Ghirardelli,valdineide.acessorios.ghirardelli
faa2d6fe-8528-44dc-80f3-68d36f956c35,Deyvid Mata,deyvid.mata
01acaf02-fb91-4818-9b2e-1e5492289a93,Jorge Olivejra Prudencini,jorgeolivejraprudencini
4c30a8ac-202c-4be7-b408-64031847df50,Evelim Regattieri,evelim.regattieri
d7884f62-1790-44f1-ba6b-c49e03c74891,Margarida Garroti,margarida.garroti
85554dbe-e5f5-4914-91de-6519bf4de860,Annaclara Izabel Eiko,annaclaraizabeleiko
fd39cbb0-2438-47fb-ada9-28e6fa2160a5,Jucilene Adolfo,jucilene.adolfo
5564d2e8-cf15-4bc0-9720-cb39a2026fb2,Liza Borsatti,liza.borsatti
344e747c-3d00-4f40-8fc6-d31e6780cd34,Cristiane gomez,cristiane.gomez
91a85fd7-885e-4745-a2f4-9008ca1b5ce3,Damares Tabosa,damarestabosa
96e102d7-6a98-41a9-9d03-5e98e011f009,Kleiton Negreiros,kleiton.negreiros
9c007846-8c93-49aa-9ecb-b485266c0c75,Ju Mauro Zucoloto,ju.mauro.zucoloto
6690e090-13ee-4c9f-94ef-d62af1cbfd89,Hitala Cunha,hitala.cunha
d75466bf-401b-4c6d-a20b-5feecbffce32,Iaila Fellipe Luz,iaila.fellipe.luz
60dea9a9-428a-4ba8-a223-94de1828fac7,Henrique Murta Belmiro,henrique.murta.belmiro
a917d02a-93c5-4ddb-a558-4b721a398c88,Edilaine Ludwig Aguerre,edilaine.ludwig.aguerre
80ffdc87-d09e-4e0b-bec8-d63ff1a9a0f6,Leilde Viola,leilde.viola
89777beb-b13b-46ba-9ba6-3a409239b083,Ketlin Augusto Agio,ketlin.augusto.agio
2014ff19-fd12-4806-a78b-3288bb09d341,Jordan Ritter,jordan.ritter
3b8c058f-3650-4e76-a38d-b1dc49ef4d83,Breno Livramento,brenolivramento
3b4375bb-642e-43e9-a315-4083a6d40103,flavio Agostinho,flavio.agostinho
4fed9265-353f-492a-9739-bd18f0b93ba2,Hernanes Sargento,hernanes.sargento
1f6072b8-0617-4728-b4ff-f7c413d95944,Ocileuza Guaita,ocileuza.guaita
5ace8f64-81b8-4f92-b55e-96420db90be5,Melany B.,melany.b.
7d23102b-1727-4be3-9079-9536948f8d07,Antonino Andreina,antoninoandreina
2a20cf33-aa22-48e6-be8f-2104a3ea7920,Ines Jacquiminouth santos,inesjacquiminouthsantos
129ebd69-635d-4f3c-9dd3-418c6400e087,Waleria Rossalino Ribebeiro,waleria.rossalino.ribebeiro
bba1a88d-42e9-4501-8e52-5d982457c3d0,Turibio Catia,turibio.catia
65ac83ef-3b6c-4984-82a8-b2c035cfa479,Renilson Quidicomo,renilsonquidicomo
6b632d4e-d20c-4d80-9289-5401813e41f4,Ananda Yanik Prineiro,anandayanikprineiro
dfdb2c29-0295-4a6a-ab8d-91cbbdf81cc5,Bia Taveira,bia.taveira
35436859-d44f-441a-96e9-b9511f8c1fac,Darci Calvi,darci.calvi
e3c26f25-f2b8-4038-ad71-a32e9bd796bd,Romualdo Narciso,romualdo.narciso
5d3f31b9-bc5a-477d-8247-60277e89ff88,Bruna Morelato Leopici,bruna.morelato.leopici
e75c914a-72ee-41f4-bbfa-641d59edba10,Edmilson Cridtina,edmilson.cridtina
98fd6562-6483-469b-9191-4fa25b3cbc77,Jocymar Garcez,jocymar.garcez
50c5ce93-4553-4e7b-a1ef-72285b9556f6,Keliane Heloisa Paloma,keliane.heloisa.paloma
552ccd15-9ba0-4284-8428-3c548da84e40,Vlademir Luane,vlademir.luane
8d4449d9-e125-4ed5-b074-75eedeaaf5af,Ane Keslley,ane.keslley
7a5c09e0-c926-43e7-bb7a-84ae48c9310a,Iuri Cibrao,iuri.cibrao
29a9f62e-68b2-46b1-b24b-6b997809888e,Ines Rebello Francisco,ines.rebello.francisco
71caa8f8-e3e9-4b0a-ad03-62ca7c8614a6,Warlisson Lucas,warlissonlucas
ea28a18c-88ee-40ef-ad2d-27071d25d28f,Magali Nunes,magali.nunes
ef729086-1a87-4f67-95e8-e4c19f0f4fa5,Weverton Bandeira,weverton.bandeira
6202b0b3-7704-437e-9808-568cd7fa1a7f,Deidiane Lolo,deidiane.lolo
2de2e4eb-fe43-453f-919b-5ed097d02f44,Kauane Francisca,kauane.francisca
dfec3452-8aac-4823-b739-8a6f75ec8937,Anita Cometti,anita.cometti
5924cc4d-7b60-458e-9177-ca654774ff08,Raiane Troncone,raiane.troncone
557a8193-aa2e-4f3e-9f69-8523a333c220,Rubem Blunck,rubem.blunck
11618859-5e8c-4cbb-9ad4-fa869860b26a,Malu Lira Souto,malulirasouto
a66df4e1-d14c-4c6e-9f92-83ec41242789,Manoel Catanho Note,manoel.catanho.note
dafaa3a6-caf8-4309-a575-30b190ed82eb,Stefan Gonzaga Ivete,stefangonzagaivete
5076b3cb-7e9b-4537-92e2-d305b48e91d2,Jarbas Wermes,jarbas.wermes
bd1dd3e8-3cf9-40a1-bf71-11f33134e13a,Marcione Mrad,marcione.mrad
dcb08d6e-d75d-4979-a5ff-16168f356bf2,Estela Rozario Ladeira,estela.rozario.ladeira
66a87361-95f6-4542-be07-430645885e6b,Aldo Wanzeler,aldo.wanzeler
b0baf831-f393-4392-aa04-a754c6b17f28,Djalma Flavia,djalma.flavia
f3f1d473-adb2-46bc-988d-4a65e5c5eaf2,Nilcemara Holsapfel Coura,nilcemara.holsapfel.coura
ef722e9f-f785-4f90-8a91-d7835b5b78c0,Everton Nascimenti,everton.nascimenti
f93e1f90-eaa4-4666-bca0-6aab106f182d,Adelson Jacob,adelson.jacob
27cbca08-e968-445a-8b8a-5ff586df050f,Brasi Kawamoto,brasi.kawamoto
11665f83-62f4-4b50-8fb2-fa35b31753ef,Andreia Biano,andreia.biano
cb6aeb67-037e-497c-bd85-ac00742f6327,Audy Daiane,audydaiane
